32205, the Ville, <all>, Town Hall Seats
32206, the Ville, <all>, Town Hall Presenter
32207, the Ville, <all>, Surveilence Chairs
32208, the Ville, <all>, shower
32209, the Ville, <all>, guitar
32210, the Ville, <all>, game console
32211, the Ville, <all>, behind the pharmacy counter
32212, the Ville, <all>, supply store counter
32213, the Ville, <all>, School Desk
32218, the Ville, <all>, toilet
32219, the Ville, <all>, microphone
32220, the Ville, <all>, computer desk
32221, the Ville, <all>, behind the grocery counter
32222, the Ville, <all>, dorm garden
32227, the Ville, <all>, bed
32228, the Ville, <all>, kitchen sink
32229, the Ville, <all>, bar customer seating
32230, the Ville, <all>, computer
32231, the Ville, <all>, pharmacy store shelf
32232, the Ville, <all>, house garden
32237, the Ville, <all>, desk
32238, the Ville, <all>, refrigerator
32239, the Ville, <all>, behind the bar counter
32240, the Ville, <all>, library sofa
32241, the Ville, <all>, grocery store shelf
32242, the Ville, <all>, garden chair
32247, the Ville, <all>, closet
32248, the Ville, <all>, toaster
32249, the Ville, <all>, behind the cafe counter
32250, the Ville, <all>, bookshelf
32251, the Ville, <all>, pharmacy store counter
32252, the Ville, <all>, park garden
32257, the Ville, <all>, shelf
32258, the Ville, <all>, cooking area
32259, the Ville, <all>, cafe customer seating
32260, the Ville, <all>, library table
32261, the Ville, <all>, grocery store counter
32262, the Ville, <all>, harp
32267, the Ville, <all>, easel
32268, the Ville, <all>, common room table
32269, the Ville, <all>, piano
32270, the Ville, <all>, classroom student seating
32271, the Ville, <all>, supply store product shelf
32272, the Ville, <all>, lifting weight
32277, the Ville, <all>, bathroom sink
32278, the Ville, <all>, common room sofa
32279, the Ville, <all>, blackboard
32280, the Ville, <all>, classroom podium
32281, the Ville, <all>, behind the supply store counter
32282, the Ville, <all>, pool table
